番号,URL
1,https://qiita.com/JunyaShibato/items/3aa5f7f3fc991de17f3f
2,https://qiita.com/JunyaShibato/items/3aa5f7f3fc991de17f3f
3,https://zenn.dev/sutamac/articles/27246dfe1b5a8e
4,https://zenn.dev/bs_kansai/articles/94ddaebe84bb71
5,https://shokucircle.jp/yomimono/uself/tweet200914/
6,https://qiita.com/megane42/items/bf85746b9cefaf38f473
7,https://qiita.com/megane42/items/bf85746b9cefaf38f473
8,https://techracho.bpsinc.jp/hachi8833/2022_02_17/115435
9,https://qiita.com/ysk91_engineer/items/b7db950f4739fa896f57
10,https://www.jetbrains.com/ja-jp/ruby/
11,https://qiita.com/kojimadev/items/f72a2ff0624f7b6319bd
12,https://qiita.com/Terao-Takumi/items/ddf11b32676021fd2e83
13,https://qiita.com/Terao-Takumi/items/ddf11b32676021fd2e83
14,https://atmarkit.itmedia.co.jp/ait/articles/0803/25/news152.html
15,https://qiita.com/k-hasegawa0321/items/51bb4d519ac9b304a595
16,https://qiita.com/Saku731/items/741fcf0f40dd989ee4f8
17,https://youtu.be/mR8LcUSPE64
18,https://qiita.com/assu_mz/items/9d80320e6f778d83c61f
19,https://qiita.com/assu_mz/items/9d80320e6f778d83c61f
20,https://survey.stackoverflow.co/2022/#section-most-popular-technologies-programming-scripting-and-markup-languages
21,https://qiita.com/hirokidaichi/items/d6c473d8011bd9330e63
22,https://qiita.com/hirokidaichi/items/d6c473d8011bd9330e63
23,https://qiita.com/jnchito/items/831654253fb8a958ec25
24,https://qiita.com/rikako_hira/items/ae208590d02a3bb91789
25,https://qiita.com/n4rvs3_squld/items/35ab5ef3dbb61fdcad38
26,https://jp.quora.com/
27,https://youtu.be/qYnA9wWFHLI
28,https://youtu.be/qYnA9wWFHLI
29,https://qiita.com/isukacoffee4120/items/604a87617f5158b07b1c
30,https://qiita.com/isukacoffee4120/items/955156d3d949c61540f7
31,https://qiita.com/isukacoffee4120/items/7663b76412766cc8021c
32,https://gihyo.jp/list/group/%E3%82%A8%E3%83%B3%E3%82%B8%E3%83%8B%E3%82%A2%E3%81%AE%E5%AD%A6%E3%81%B3%E6%96%B9%E2%94%80%E5%8A%B9%E7%8E%87%E7%9A%84%E3%81%AB%E7%9F%A5%E8%AD%98%E3%82%92%E5%BE%97%E3%81%A6-%E6%88%90%E6%9E%9C%E3%81%AB%E7%B5%90%E3%81%B3%E4%BB%98%E3%81%91%E3%82%8B#rt:/lifestyle/feature/01/engineer-studying/0001
33,https://gihyo.jp/list/group/%E3%82%A8%E3%83%B3%E3%82%B8%E3%83%8B%E3%82%A2%E3%81%A
34,https://zenn.dev/tbpgr/books/8562293d519b8b
35,https://qiita.com/muranakar/items/20a7927ffa63a5ca226a?utm_source=Qiita%E3%83%8B%E3%83%A5%E3%83%BC%E3%82%B9&amp
36,https://qiita.com/muranakar/items/20a7927ffa63a5ca226a?utm_source=Qiita%E3%83%8B%E3%83%A5%E3%83%BC%E3%82%B9&amp
37,https://qiita.com/YudaiTsukamoto/items/42a8df22ca4c6b327dfd#6-%E6%88%90%E6%9E%9C%E7%89%A9%E3%82%92%E4%BD%9C%E3%82%8A%E5%87%BA%E3%81%99
38,https://qiita.com/yuki-b4/items/f5582ee1c13085d034c2
39,https://qiita.com/Terao-Takumi/items/9e14d4424f15af0f79bf
40,https://qiita.com/SNQ-2001/items/d6b7b060048eaaad3a61
41,https://tech-lab.sios.jp/archives/18811
42,https://www.youtube.com/watch?v=pmZhG3LGRXA&amp
43,https://zenn.dev/anneau/articles/05c22f560c3fad
44,https://twitter.com/nameless_sn/status/1657294695268253696?s=46&amp
45,https://twitter.com/nameless_sn/status/1657294695268253696?s=46&amp
46,https://agilemanifesto.org/iso/ja/manifesto.html
47,https://qiita.com/yuno_miyako/items/54d3c57775e9310a3745
48,https://qiita.com/windows222/items/b8c5f547c222851ba8e5
49,https://www.notion.so/9ff2a3abad4d472591e07af2cff6663d?pvs=4
